Trainno,Code,Name,Type,Starting_city,Destinaion_city,Flag
1,15609,"Abadh Assam Express",Express,Guwahati,"Lalgarh Junction",D
2,58719,"Abhanpur Rajim NG Passenger",Passenger,"Abhanpur Junction",Rajim,D
3,58721,"Abhanpur Rajim NG Passenger",Passenger,"Abhanpur Junction",Rajim,D
4,14722,"Abohar Jodhpur Express",Express,"Abohar Junction","Jodhpur Junction",D
5,54703,"Abohar Jodhpur Passenger",Passenger,"Abohar Junction","Jodhpur Junction",D
6,4722,"Abohar Jodhpur Passenger Special",Special,"Abohar Junction","Jodhpur Junction",D
7,79438,"Abu Road Mahesana DEMU",DEMU,"Abu Road","Mehsana Junction",D
8,9438,"Abu Road Mahesana DEMU Special",Special,"Abu Road","Mehsana Junction",D
9,5348,"Achhnera Kasganj Express Special",Special,"Achhnera Junction","Kasganj Junction",D
10,55338,"Achhnera Kasganj Fast Passenger",Passenger,"Achhnera Junction","Kasganj Junction",D
11,2984,"Agartala Bengaluru Cantonmentsummer Special",Special,Agartala,"Bengaluru Cantonment",W
