CREATE TABLE CATEGORY(
    CAT_CODE NUMBER primary key, 
    CATDESC VARCHAR2(25) CHECK(CATDESC in('DELUXE', 'SUPERDELUXE', 'SUPERFAST','NORMAL'))
    );

INSERT INTO CATEGORY VALUES(1,'DELUXE');
INSERT INTO CATEGORY VALUES(2,'SUPERDELUXE');
INSERT INTO CATEGORY VALUES(3,'SUPERFAST');
INSERT INTO CATEGORY VALUES(4,'NORMAL');



  CREATE TABLE  ROUTEMASTER(
    ROUTENO NUMBER primary KEY, 
    ORIGIN VARCHAR2(25) NOT NULL, 
    DESTINATION VARCHAR2(25) NOT NULL, 
    FARE NUMBER, 
    DISTANCE NUMBER,
    CAPACITY NUMBER CHECK(CAPACITY>0 AND CAPACITY<=60), 
    DAY DATE, 
    CAT_CODE NUMBER REFERENCES CATEGORY(CAT_CODE),
    CHECK(DESTINATION!=ORIGIN)
  );


INSERT INTO ROUTEMASTER VALUES(1,'JAM','RJK',100,90,40,'26-NOV-21',4);
INSERT INTO ROUTEMASTER VALUES(2,'JAM','SURAT',500,534,40,'26-NOV-21',4);
INSERT INTO ROUTEMASTER VALUES(3,'JAM','SURAT',700,534,40,'26-NOV-21',1);
INSERT INTO ROUTEMASTER VALUES(4,'JAM','SURAT',900,534,40,'26-NOV-21',2);
INSERT INTO ROUTEMASTER VALUES(5,'JAM','SURAT',1200,534,40,'26-NOV-21',3);


CREATE TABLE  TICKETHEADER(
    TICKETNO NUMBER primary KEY, 
    DATEOFISSUE DATE, 
    DATEOFTRAVEL DATE, 
    BOARDPLACE VARCHAR2(20), 
    ROUTENO NUMBER REFERENCES ROUTEMASTER(ROUTENO)
    );

INSERT INTO TICKETHEADER VALUES(1,'25-NOV-21','26-NOV-21','SAT-RASTA',1);
INSERT INTO TICKETHEADER VALUES(2,'25-NOV-21','26-NOV-21','SAT-RASTA',2);
INSERT INTO TICKETHEADER VALUES(3,'25-NOV-21','26-NOV-21','SAT-RASTA',3);
INSERT INTO TICKETHEADER VALUES(4,'25-NOV-21','26-NOV-21','SAT-RASTA',4);
INSERT INTO TICKETHEADER VALUES(5,'25-NOV-21','26-NOV-21','SAT-RASTA',5);
INSERT INTO TICKETHEADER VALUES(6,'25-NOV-21','26-NOV-21','SAT-RASTA',1);
INSERT INTO TICKETHEADER VALUES(7,'25-NOV-21','26-DEC-21','SAT-RASTA',1);


CREATE TABLE TICKET_DETAILS(
    TICKETNO NUMBER REFERENCES TICKETHEADER(TICKETNO), 
    NAME VARCHAR2(20), 
    SEX VARCHAR2(1) CHECK(SEX IN('F','M')), 
    AGE NUMBER CHECK(AGE>0), 
    FARE NUMBER,

    );    

INSERT INTO TICKET_DETAILS VALUES(1,'XYZ','F',24,100);  
INSERT INTO TICKET_DETAILS VALUES(1,'xyq','M',25,100);   
INSERT INTO TICKET_DETAILS VALUES(2,'YZ','M',34,500);
INSERT INTO TICKET_DETAILS VALUES(3,'QYZ','M',40,700);
INSERT INTO TICKET_DETAILS VALUES(4,'WYZ','F',26,900);
INSERT INTO TICKET_DETAILS VALUES(5,'CYZ','F',27,1200);
INSERT INTO TICKET_DETAILS VALUES(6,'CYZ','F',27,1200);
INSERT INTO TICKET_DETAILS VALUES(7,'CYZ','F',27,1200);


-- 1. Display the total number of people traveled on each ticket group by ticket no 23.
select * from TICKET_DETAILS where TICKETNO=1;

-- 2. Give the total collection of fare for each route.
SELECT sum(td.fare),r.ROUTENO 
from TICKET_DETAILS td,TICKETHEADER th,ROUTEMASTER r  
where 
r.ROUTENO=th.ROUTENO 
and 
th.TICKETNO=td.TICKETNO 
GROUP by  r.ROUTENO;


-- 3. Give the number of months between issue date and travel date of each ticket issued.

sELECT TICKETNO,to_char(DATEOFTRAVEL,'MM')-to_char(DATEOFISSUE,'MM') as Gape 
from TICKETHEADER; 


-- 4. Count number of person boarding from the same place and same route.
-- Select rows from a Table

select th.BOARDPLACE,th.ROUTENO,count(td.TICKETNO)
from
TICKETHEADER th,
TICKET_DETAILS td
where
th.TICKETNO=td.TICKETNO
group by th.BOARDPLACE,th.ROUTENO
having count(td.TICKETNO)>1;


-- 5. Display count of person who has traveled in each category. 
select c.catdesc,count(td.ticketno)
from CATEGORY c,TICKET_DETAILS td, ROUTEMASTER rm, TICKETHEADER th
where c.CAT_CODE=rm.CAT_CODE and
th.ticketno=td.ticketno and
rm.routeno=th.routeno
group by catdesc;
